pool,name,rarity,ts
枯焰生花,焰影苇草,6,1671093629
枯焰生花,红云,4,1671093625
常驻标准寻访,濯尘芙蓉,5,1670450823
常驻标准寻访,月见夜,3,1670450816
常驻标准寻访,泡普卡,3,1670450808
常驻标准寻访,蛇屠箱,4,1670450802
常驻标准寻访,猎蜂,4,1670450795
常驻标准寻访,流星,4,1670450789
常驻标准寻访,卡缇,3,1670450780
雪融之诺,芙兰卡,5,1670017515
雪融之诺,史都华德,3,1669884888
雪融之诺,香草,3,1669884826
雪融之诺,梓兰,3,1669884819
雪融之诺,卡达,4,1669884812
雪融之诺,香草,3,1669881836
雪融之诺,蛇屠箱,4,1669881834
雪融之诺,斑点,3,1669881829
雪融之诺,豆苗,4,1669881823
常驻标准寻访,松果,4,1669733162
常驻标准寻访,赫默,5,1669642108
常驻标准寻访,安赛尔,3,1669627034
常驻标准寻访,酸糖,4,1669627027
常驻标准寻访,苏苏洛,4,1669587383
常驻标准寻访,红云,4,1669587376
常驻标准寻访,泡泡,4,1669516900
常驻标准寻访,霜叶,4,1669516893
联合行动,杰克,4,1669189765
联合行动,泡普卡,3,1669094663
联合行动,孑,4,1669071686
联合行动,翎羽,3,1669035501
联合行动,芙蓉,3,1669035501
联合行动,暗索,4,1669035501
联合行动,芬,3,1669035501
联合行动,红云,4,1669035501
联合行动,斑点,3,1669035501
联合行动,安比尔,4,1669035501
联合行动,地灵,4,1669035501
联合行动,卡达,4,1668985955
联合行动,芙蓉,3,1668985947
联合行动,红云,4,1668985939
联合行动,月见夜,3,1668773853
联合行动,松果,4,1668773845
联合行动,酸糖,4,1668773838
联合行动,夜烟,4,1668773831
联合行动,史都华德,3,1668773824
联合行动,蚀清,5,1668679681
联合行动,空,5,1668551528
联合行动,酸糖,4,1668551522
常驻标准寻访,奥斯塔,5,1668381522
常驻标准寻访,梓兰,3,1668381515
常驻标准寻访,夜烟,4,1668381176
常驻标准寻访,月见夜,3,1668381168
斩荆辟路,角峰,4,1668381161
常驻标准寻访,空爆,3,1668291914
常驻标准寻访,流星,4,1668291745
斩荆辟路,铅踝,4,1668291740
常驻标准寻访,安赛尔,3,1668207391
常驻标准寻访,深靛,4,1668207383
斩荆辟路,翎羽,3,1668207374
常驻标准寻访,宴,4,1668120447
斩荆辟路,桑葚,5,1668120437
常驻标准寻访,玫兰莎,3,1668063252
斩荆辟路,缄默德克萨斯,6,1668034314
斩荆辟路,子月,5,1668034305
斩荆辟路,梅,4,1667946847
斩荆辟路,地灵,4,1667946776
斩荆辟路,罗比菈塔,4,1667887407
斩荆辟路,角峰,4,1667858998
斩荆辟路,月见夜,3,1667858976
斩荆辟路,子月,5,1667858952
斩荆辟路,炎熔,3,1667858943
斩荆辟路,杜宾,4,1667833875
斩荆辟路,空爆,3,1667833867
斩荆辟路,慕斯,4,1667833854
斩荆辟路,角峰,4,1667833854
斩荆辟路,暗索,4,1667833854
斩荆辟路,苏苏洛,4,1667833854
斩荆辟路,芬,3,1667833854
斩荆辟路,卡缇,3,1667833854
斩荆辟路,米格鲁,3,1667833854
斩荆辟路,安赛尔,3,1667833854
斩荆辟路,桃金娘,4,1667833854
斩荆辟路,翎羽,3,1667776823
斩荆辟路,炎熔,3,1667776815
斩荆辟路,缠丸,4,1667776690
斩荆辟路,子月,5,1667776673
斩荆辟路,刻刀,4,1667687478
斩荆辟路,空爆,3,1667687467
斩荆辟路,砾,4,1667687458
斩荆辟路,芙蓉,3,1667601583
斩荆辟路,卡达,4,1667601574
斩荆辟路,杰西卡,4,1667515111
斩荆辟路,杰克,4,1667515104
斩荆辟路,格雷伊,4,1667429023
斩荆辟路,克洛丝,3,1667429012
斩荆辟路,远山,4,1667429000
斩荆辟路,芙蓉,3,1667377529
斩荆辟路,空爆,3,1667377519
斩荆辟路,深海色,4,1667377512
斩荆辟路,斑点,3,1667377505
斩荆辟路,克洛丝,3,1667377499
斩荆辟路,安赛尔,3,1667377367
斩荆辟路,卡缇,3,1667340950
斩荆辟路,安赛尔,3,1667315798
斩荆辟路,子月,5,1667302024
斩荆辟路,酸糖,4,1667301988
斩荆辟路,梓兰,3,1667301722
斩荆辟路,月见夜,3,1667300572
斩荆辟路,米格鲁,3,1667290089
斩荆辟路,松果,4,1667290082
斩荆辟路,芳汀,4,1667290016
斩荆辟路,泡普卡,3,1667290008
斩荆辟路,真理,5,1667289998
斩荆辟路,阿消,4,1667289992
斩荆辟路,远山,4,1667289989
斩荆辟路,梅,4,1667289832
斩荆辟路,深靛,4,1667289832
斩荆辟路,香草,3,1667289832
斩荆辟路,孑,4,1667289832
斩荆辟路,卡缇,3,1667289832
斩荆辟路,斥罪,6,1667289832
斩荆辟路,阿消,4,1667289832
斩荆辟路,砾,4,1667289832
斩荆辟路,子月,5,1667289832
斩荆辟路,泡普卡,3,1667289832
斩荆辟路,缠丸,4,1667289822
斩荆辟路,炎熔,3,1667289822
斩荆辟路,梓兰,3,1667289822
斩荆辟路,酸糖,4,1667289822
斩荆辟路,空爆,3,1667289822
斩荆辟路,絮雨,5,1667289822
斩荆辟路,阿消,4,1667289822
斩荆辟路,罗比菈塔,4,1667289822
斩荆辟路,斑点,3,1667289822
斩荆辟路,子月,5,1667289822
斩荆辟路,香草,3,1667289815
常驻标准寻访,星熊,6,1666361680
常驻标准寻访,宴,4,1666046119
常驻标准寻访,刻刀,4,1666017730
常驻标准寻访,梓兰,3,1666017723
常驻标准寻访,深海色,4,1666017717
常驻标准寻访,芙蓉,3,1666017710
常驻标准寻访,芬,3,1666017702
常驻标准寻访,罗比菈塔,4,1666016804
常驻标准寻访,斑点,3,1666016797
常驻标准寻访,星熊,6,1666016777
常驻标准寻访,流星,4,1666016771
常驻标准寻访,刻刀,4,1666016758
常驻标准寻访,角峰,4,1666016758
常驻标准寻访,空爆,3,1666016758
常驻标准寻访,泡泡,4,1666016758
常驻标准寻访,克洛丝,3,1666016758
常驻标准寻访,铅踝,4,1666016758
常驻标准寻访,缠丸,4,1666016758
常驻标准寻访,斑点,3,1666016758
常驻标准寻访,玫兰莎,3,1665961195
常驻标准寻访,铅踝,4,1665961188
常驻标准寻访,调香师,4,1665961180
常驻标准寻访,安比尔,4,1665961105
常驻标准寻访,卡夫卡,5,1665702069
常驻标准寻访,米格鲁,3,1665702061
常驻标准寻访,清道夫,4,1665702054
常驻标准寻访,卡缇,3,1665702046
常驻标准寻访,安赛尔,3,1665702039
常驻标准寻访,史都华德,3,1665702031
常驻标准寻访,安赛尔,3,1665702024
常驻标准寻访,斑点,3,1665702017
常驻标准寻访,宴,4,1665702009
常驻标准寻访,暗索,4,1665702001
轴承与火星,玫兰莎,3,1665478575
轴承与火星,白铁,6,1665478575
轴承与火星,明椒,5,1665478575
轴承与火星,末药,4,1665478575
轴承与火星,铅踝,4,1665478575
轴承与火星,深靛,4,1665478575
轴承与火星,克洛丝,3,1665478575
轴承与火星,古米,4,1665478575
轴承与火星,豆苗,4,1665478575
轴承与火星,深海色,4,1665478575
常驻标准寻访,格雷伊,4,1665442713
常驻标准寻访,芙蓉,3,1665442699
常驻标准寻访,猎蜂,4,1665442672
